vision_model,text_model,projection,alignment_mean,alignment_std,intra_cluster,inter_cluster,silhouette,Wv_path,Wt_path
ResNet50,BERT,rp,0.0437629008801387,0.0860142978425282,199.46254825238404,199.33189151491493,-0.1592144626803077,/home/aysel/tfe/TFE_Data/TFE_Data/Model_Artifacts/projections/Flickr8k/Flickr8k/ResNet50_BERT/RP/Wv.npy,/home/aysel/tfe/TFE_Data/TFE_Data/Model_Artifacts/projections/Flickr8k/Flickr8k/ResNet50_BERT/RP/Wt.npy
ResNet50,BERT,wcca,0.4685295522212982,0.1064785495400428,9.737305641174316,11.451927185058594,-0.1867086738348007,/home/aysel/tfe/TFE_Data/TFE_Data/Model_Artifacts/projections/Flickr8k/Flickr8k/ResNet50_BERT/WCCA/Wv.npy,/home/aysel/tfe/TFE_Data/TFE_Data/Model_Artifacts/projections/Flickr8k/Flickr8k/ResNet50_BERT/WCCA/Wt.npy
ResNet50,BERT,cpca,0.1038618758320808,0.112836055457592,12.853055953979492,14.1170654296875,-0.1652137339115142,/home/aysel/tfe/TFE_Data/TFE_Data/Model_Artifacts/projections/Flickr8k/Flickr8k/ResNet50_BERT/CPCA/Wv.npy,/home/aysel/tfe/TFE_Data/TFE_Data/Model_Artifacts/projections/Flickr8k/Flickr8k/ResNet50_BERT/CPCA/Wt.npy
ResNet50,RoBERTa,rp,0.0370077974574772,0.0833102114321312,201.24317939364437,201.2065235058024,-0.1530678079321378,/home/aysel/tfe/TFE_Data/TFE_Data/Model_Artifacts/projections/Flickr8k/Flickr8k/ResNet50_RoBERTa/RP/Wv.npy,/home/aysel/tfe/TFE_Data/TFE_Data/Model_Artifacts/projections/Flickr8k/Flickr8k/ResNet50_RoBERTa/RP/Wt.npy
ResNet50,RoBERTa,wcca,0.5301028490066528,0.1034100577235221,10.94335651397705,11.55744743347168,-0.1753281503915786,/home/aysel/tfe/TFE_Data/TFE_Data/Model_Artifacts/projections/Flickr8k/Flickr8k/ResNet50_RoBERTa/WCCA/Wv.npy,/home/aysel/tfe/TFE_Data/TFE_Data/Model_Artifacts/projections/Flickr8k/Flickr8k/ResNet50_RoBERTa/WCCA/Wt.npy
ResNet50,RoBERTa,cpca,0.0998527035117149,0.0874271914362907,15.249833106994627,15.67070198059082,-0.1609007865190506,/home/aysel/tfe/TFE_Data/TFE_Data/Model_Artifacts/projections/Flickr8k/Flickr8k/ResNet50_RoBERTa/CPCA/Wv.npy,/home/aysel/tfe/TFE_Data/TFE_Data/Model_Artifacts/projections/Flickr8k/Flickr8k/ResNet50_RoBERTa/CPCA/Wt.npy
ResNet50,GPT-2,rp,0.0584721417072332,0.0740045170747388,2334.3933499831755,2334.4788245811574,-0.3629461243515393,/home/aysel/tfe/TFE_Data/TFE_Data/Model_Artifacts/projections/Flickr8k/Flickr8k/ResNet50_GPT-2/RP/Wv.npy,/home/aysel/tfe/TFE_Data/TFE_Data/Model_Artifacts/projections/Flickr8k/Flickr8k/ResNet50_GPT-2/RP/Wt.npy
ResNet50,GPT-2,wcca,0.535275936126709,0.10500468313694,203.5274200439453,203.6735076904297,-0.3745884895324707,/home/aysel/tfe/TFE_Data/TFE_Data/Model_Artifacts/projections/Flickr8k/Flickr8k/ResNet50_GPT-2/WCCA/Wv.npy,/home/aysel/tfe/TFE_Data/TFE_Data/Model_Artifacts/projections/Flickr8k/Flickr8k/ResNet50_GPT-2/WCCA/Wt.npy
ResNet50,GPT-2,cpca,0.1426175683736801,0.1361765265464782,208.3089599609375,208.4556121826172,-0.3709362745285034,/home/aysel/tfe/TFE_Data/TFE_Data/Model_Artifacts/projections/Flickr8k/Flickr8k/ResNet50_GPT-2/CPCA/Wv.npy,/home/aysel/tfe/TFE_Data/TFE_Data/Model_Artifacts/projections/Flickr8k/Flickr8k/ResNet50_GPT-2/CPCA/Wt.npy
ViT,BERT,rp,-0.015620966863,0.0843998762683824,132.5637388219953,132.3415618183646,-0.1526103121431128,/home/aysel/tfe/TFE_Data/TFE_Data/Model_Artifacts/projections/Flickr8k/Flickr8k/ViT_BERT/RP/Wv.npy,/home/aysel/tfe/TFE_Data/TFE_Data/Model_Artifacts/projections/Flickr8k/Flickr8k/ViT_BERT/RP/Wt.npy
ViT,BERT,wcca,0.2705798149108886,0.0935883447527885,8.873703002929688,9.538853645324709,-0.1597473472356796,/home/aysel/tfe/TFE_Data/TFE_Data/Model_Artifacts/projections/Flickr8k/Flickr8k/ViT_BERT/WCCA/Wv.npy,/home/aysel/tfe/TFE_Data/TFE_Data/Model_Artifacts/projections/Flickr8k/Flickr8k/ViT_BERT/WCCA/Wt.npy
ViT,BERT,cpca,0.041560161858797,0.1081800013780593,8.383063316345215,9.019558906555176,-0.1552391052246093,/home/aysel/tfe/TFE_Data/TFE_Data/Model_Artifacts/projections/Flickr8k/Flickr8k/ViT_BERT/CPCA/Wv.npy,/home/aysel/tfe/TFE_Data/TFE_Data/Model_Artifacts/projections/Flickr8k/Flickr8k/ViT_BERT/CPCA/Wt.npy
ViT,RoBERTa,rp,-0.0006704744619308,0.0838854283216582,139.00339187911902,138.9968289397214,-0.1501974009079035,/home/aysel/tfe/TFE_Data/TFE_Data/Model_Artifacts/projections/Flickr8k/Flickr8k/ViT_RoBERTa/RP/Wv.npy,/home/aysel/tfe/TFE_Data/TFE_Data/Model_Artifacts/projections/Flickr8k/Flickr8k/ViT_RoBERTa/RP/Wt.npy
ViT,RoBERTa,wcca,0.3058857917785644,0.0829642042517662,10.96088981628418,11.173625946044922,-0.1575832068920135,/home/aysel/tfe/TFE_Data/TFE_Data/Model_Artifacts/projections/Flickr8k/Flickr8k/ViT_RoBERTa/WCCA/Wv.npy,/home/aysel/tfe/TFE_Data/TFE_Data/Model_Artifacts/projections/Flickr8k/Flickr8k/ViT_RoBERTa/WCCA/Wt.npy
ViT,RoBERTa,cpca,0.0103491116315126,0.0916487276554107,11.39215850830078,11.577923774719238,-0.1516818702220916,/home/aysel/tfe/TFE_Data/TFE_Data/Model_Artifacts/projections/Flickr8k/Flickr8k/ViT_RoBERTa/CPCA/Wv.npy,/home/aysel/tfe/TFE_Data/TFE_Data/Model_Artifacts/projections/Flickr8k/Flickr8k/ViT_RoBERTa/CPCA/Wt.npy
ViT,GPT-2,rp,-0.0246309221267726,0.0818904258787668,2207.997648168198,2208.243767741999,-0.3476601917286588,/home/aysel/tfe/TFE_Data/TFE_Data/Model_Artifacts/projections/Flickr8k/Flickr8k/ViT_GPT-2/RP/Wv.npy,/home/aysel/tfe/TFE_Data/TFE_Data/Model_Artifacts/projections/Flickr8k/Flickr8k/ViT_GPT-2/RP/Wt.npy
ViT,GPT-2,wcca,0.3086748123168945,0.0814226120710372,208.7794342041016,208.8487243652344,-0.3664372563362121,/home/aysel/tfe/TFE_Data/TFE_Data/Model_Artifacts/projections/Flickr8k/Flickr8k/ViT_GPT-2/WCCA/Wv.npy,/home/aysel/tfe/TFE_Data/TFE_Data/Model_Artifacts/projections/Flickr8k/Flickr8k/ViT_GPT-2/WCCA/Wt.npy
ViT,GPT-2,cpca,0.0383461192250251,0.1286956220865249,209.66758728027344,209.71568298339844,-0.3616113662719726,/home/aysel/tfe/TFE_Data/TFE_Data/Model_Artifacts/projections/Flickr8k/Flickr8k/ViT_GPT-2/CPCA/Wv.npy,/home/aysel/tfe/TFE_Data/TFE_Data/Model_Artifacts/projections/Flickr8k/Flickr8k/ViT_GPT-2/CPCA/Wt.npy
MobileNetV3,BERT,rp,-0.0653485532463853,0.0768243000491926,211.8779438416345,211.664150306936,-0.1585137389806497,/home/aysel/tfe/TFE_Data/TFE_Data/Model_Artifacts/projections/Flickr8k/Flickr8k/MobileNetV3_BERT/RP/Wv.npy,/home/aysel/tfe/TFE_Data/TFE_Data/Model_Artifacts/projections/Flickr8k/Flickr8k/MobileNetV3_BERT/RP/Wt.npy
MobileNetV3,BERT,wcca,0.4946928322315216,0.1257524490356445,10.09682846069336,11.785951614379885,-0.1886988431215286,/home/aysel/tfe/TFE_Data/TFE_Data/Model_Artifacts/projections/Flickr8k/Flickr8k/MobileNetV3_BERT/WCCA/Wv.npy,/home/aysel/tfe/TFE_Data/TFE_Data/Model_Artifacts/projections/Flickr8k/Flickr8k/MobileNetV3_BERT/WCCA/Wt.npy
MobileNetV3,BERT,cpca,0.0803636237978935,0.1134013086557388,13.800200462341309,15.043169975280762,-0.1626148521900177,/home/aysel/tfe/TFE_Data/TFE_Data/Model_Artifacts/projections/Flickr8k/Flickr8k/MobileNetV3_BERT/CPCA/Wv.npy,/home/aysel/tfe/TFE_Data/TFE_Data/Model_Artifacts/projections/Flickr8k/Flickr8k/MobileNetV3_BERT/CPCA/Wt.npy
MobileNetV3,RoBERTa,rp,-0.0678099545612237,0.0824518496702374,226.254756307587,226.17807330224196,-0.1563019459011246,/home/aysel/tfe/TFE_Data/TFE_Data/Model_Artifacts/projections/Flickr8k/Flickr8k/MobileNetV3_RoBERTa/RP/Wv.npy,/home/aysel/tfe/TFE_Data/TFE_Data/Model_Artifacts/projections/Flickr8k/Flickr8k/MobileNetV3_RoBERTa/RP/Wt.npy
MobileNetV3,RoBERTa,wcca,0.559833288192749,0.1285918205976486,10.952310562133787,11.574050903320312,-0.1777915060520172,/home/aysel/tfe/TFE_Data/TFE_Data/Model_Artifacts/projections/Flickr8k/Flickr8k/MobileNetV3_RoBERTa/WCCA/Wv.npy,/home/aysel/tfe/TFE_Data/TFE_Data/Model_Artifacts/projections/Flickr8k/Flickr8k/MobileNetV3_RoBERTa/WCCA/Wt.npy
MobileNetV3,RoBERTa,cpca,0.1304627656936645,0.0861361250281333,15.624628067016602,16.052690505981445,-0.1573953032493591,/home/aysel/tfe/TFE_Data/TFE_Data/Model_Artifacts/projections/Flickr8k/Flickr8k/MobileNetV3_RoBERTa/CPCA/Wv.npy,/home/aysel/tfe/TFE_Data/TFE_Data/Model_Artifacts/projections/Flickr8k/Flickr8k/MobileNetV3_RoBERTa/CPCA/Wt.npy
MobileNetV3,GPT-2,rp,-0.0034482407749221,0.075070996031145,2612.227909053026,2612.461204542757,-0.3716588122453469,/home/aysel/tfe/TFE_Data/TFE_Data/Model_Artifacts/projections/Flickr8k/Flickr8k/MobileNetV3_GPT-2/RP/Wv.npy,/home/aysel/tfe/TFE_Data/TFE_Data/Model_Artifacts/projections/Flickr8k/Flickr8k/MobileNetV3_GPT-2/RP/Wt.npy
MobileNetV3,GPT-2,wcca,0.5655415654182434,0.1300709247589111,202.47927856445312,202.6281890869141,-0.3719583451747894,/home/aysel/tfe/TFE_Data/TFE_Data/Model_Artifacts/projections/Flickr8k/Flickr8k/MobileNetV3_GPT-2/WCCA/Wv.npy,/home/aysel/tfe/TFE_Data/TFE_Data/Model_Artifacts/projections/Flickr8k/Flickr8k/MobileNetV3_GPT-2/WCCA/Wt.npy
MobileNetV3,GPT-2,cpca,0.1738431304693222,0.1550153493881225,207.76593017578125,207.9062957763672,-0.3673339486122131,/home/aysel/tfe/TFE_Data/TFE_Data/Model_Artifacts/projections/Flickr8k/Flickr8k/MobileNetV3_GPT-2/CPCA/Wv.npy,/home/aysel/tfe/TFE_Data/TFE_Data/Model_Artifacts/projections/Flickr8k/Flickr8k/MobileNetV3_GPT-2/CPCA/Wt.npy
PVT,BERT,rp,0.0269788894633798,0.0916777798622574,269.4164840463957,269.4700274957466,-0.1666795091946886,/home/aysel/tfe/TFE_Data/TFE_Data/Model_Artifacts/projections/Flickr8k/Flickr8k/PVT_BERT/RP/Wv.npy,/home/aysel/tfe/TFE_Data/TFE_Data/Model_Artifacts/projections/Flickr8k/Flickr8k/PVT_BERT/RP/Wt.npy
PVT,BERT,wcca,0.2264793962240219,0.1091774106025695,16.2572078704834,17.820390701293945,-0.1844395101070404,/home/aysel/tfe/TFE_Data/TFE_Data/Model_Artifacts/projections/Flickr8k/Flickr8k/PVT_BERT/WCCA/Wv.npy,/home/aysel/tfe/TFE_Data/TFE_Data/Model_Artifacts/projections/Flickr8k/Flickr8k/PVT_BERT/WCCA/Wt.npy
PVT,BERT,cpca,0.053848773241043,0.1095902696251869,18.21124839782715,19.521947860717773,-0.1757508069276809,/home/aysel/tfe/TFE_Data/TFE_Data/Model_Artifacts/projections/Flickr8k/Flickr8k/PVT_BERT/CPCA/Wv.npy,/home/aysel/tfe/TFE_Data/TFE_Data/Model_Artifacts/projections/Flickr8k/Flickr8k/PVT_BERT/CPCA/Wt.npy
PVT,RoBERTa,rp,0.0134368906770262,0.0845058213513077,273.71173643852427,273.80131591802046,-0.1585571035570911,/home/aysel/tfe/TFE_Data/TFE_Data/Model_Artifacts/projections/Flickr8k/Flickr8k/PVT_RoBERTa/RP/Wv.npy,/home/aysel/tfe/TFE_Data/TFE_Data/Model_Artifacts/projections/Flickr8k/Flickr8k/PVT_RoBERTa/RP/Wt.npy
PVT,RoBERTa,wcca,0.2568821012973785,0.1054113134741783,17.595544815063477,18.163753509521484,-0.1720153242349624,/home/aysel/tfe/TFE_Data/TFE_Data/Model_Artifacts/projections/Flickr8k/Flickr8k/PVT_RoBERTa/WCCA/Wv.npy,/home/aysel/tfe/TFE_Data/TFE_Data/Model_Artifacts/projections/Flickr8k/Flickr8k/PVT_RoBERTa/WCCA/Wt.npy
PVT,RoBERTa,cpca,0.0326017662882804,0.0905244722962379,20.40958023071289,20.86878967285156,-0.1575844287872314,/home/aysel/tfe/TFE_Data/TFE_Data/Model_Artifacts/projections/Flickr8k/Flickr8k/PVT_RoBERTa/CPCA/Wv.npy,/home/aysel/tfe/TFE_Data/TFE_Data/Model_Artifacts/projections/Flickr8k/Flickr8k/PVT_RoBERTa/CPCA/Wt.npy
PVT,GPT-2,rp,0.0422239544238968,0.0916618753042088,2321.441659244316,2321.6631714800687,-0.3482930491265216,/home/aysel/tfe/TFE_Data/TFE_Data/Model_Artifacts/projections/Flickr8k/Flickr8k/PVT_GPT-2/RP/Wv.npy,/home/aysel/tfe/TFE_Data/TFE_Data/Model_Artifacts/projections/Flickr8k/Flickr8k/PVT_GPT-2/RP/Wt.npy
PVT,GPT-2,wcca,0.2591785490512848,0.1055112332105636,205.79493713378903,205.9634246826172,-0.3634851574897766,/home/aysel/tfe/TFE_Data/TFE_Data/Model_Artifacts/projections/Flickr8k/Flickr8k/PVT_GPT-2/WCCA/Wv.npy,/home/aysel/tfe/TFE_Data/TFE_Data/Model_Artifacts/projections/Flickr8k/Flickr8k/PVT_GPT-2/WCCA/Wt.npy
PVT,GPT-2,cpca,0.0541147105395793,0.1392829269170761,209.4140167236328,209.5908966064453,-0.3586483597755432,/home/aysel/tfe/TFE_Data/TFE_Data/Model_Artifacts/projections/Flickr8k/Flickr8k/PVT_GPT-2/CPCA/Wv.npy,/home/aysel/tfe/TFE_Data/TFE_Data/Model_Artifacts/projections/Flickr8k/Flickr8k/PVT_GPT-2/CPCA/Wt.npy
